po,reg,ibm,account_code,account_name,user,trn_date,trn_time,modes,lines_in_txn,before_qty_total,after_qty_total,net_cancelled_qty,net_cancelled_value,category,source_file,ingested_at
2593132,9834195,7786284,F003M,CALERES DBA FAMOUS FOOTWEAR,OEJASONC,7/22/26,11:45:27,DLT-Y,1,300,0,300,3840.0,Full deletion,sample_report.pdf,2026-07-28T19:03:19
2593132,9834195,7786287,F003M,CALERES DBA FAMOUS FOOTWEAR,OEJASONC,7/22/26,11:45:46,DLT-Y,1,204,0,204,2611.2,Full deletion,sample_report.pdf,2026-07-28T19:03:19
2593133,9834196,7786288,F003M,CALERES DBA FAMOUS FOOTWEAR,OEJASONC,7/22/26,11:45:55,DLT-Y,1,588,0,588,7526.4,Full deletion,sample_report.pdf,2026-07-28T19:03:19
2593133,9834196,7786290,F003M,CALERES DBA FAMOUS FOOTWEAR,OEJASONC,7/22/26,11:45:57,DLT-Y,1,408,0,408,5222.4,Full deletion,sample_report.pdf,2026-07-28T19:03:19
2595842,9845672,7897402,F003M,CALERES DBA FAMOUS FOOTWEAR,OEJASONC,7/22/26,11:46:10,DLT-Y,1,300,0,300,3840.0,Full deletion,sample_report.pdf,2026-07-28T19:03:19
2595842,9845672,7897404,F003M,CALERES DBA FAMOUS FOOTWEAR,OEJASONC,7/22/26,11:46:12,DLT-Y,1,204,0,204,2611.2,Full deletion,sample_report.pdf,2026-07-28T19:03:19
248811,9847500,7924017,D010M,"DTLR, INC. -     (EDI)",OEKAREN,7/22/26,12:56:25,DLT-C,1,3888,0,3888,24494.4,Full deletion,sample_report.pdf,2026-07-28T19:03:19
0417313-16,9853318,7982515,K413M,KIDS FOOT LOCKER,OEANGELAD,7/22/26,10:57:39,,1,0,96,0,0.0,"Net addition (new units, not a cancellation)",sample_report.pdf,2026-07-28T19:03:19
0417166-16,9853862,7996864,K413M,KIDS FOOT LOCKER,OEANGELAD,7/22/26,10:56:15,CHG,1,1476,1464,12,288.6,Partial reduction,sample_report.pdf,2026-07-28T19:03:19
0417185-16,9853865,7996867,K413M,KIDS FOOT LOCKER,OEANGELAD,7/22/26,10:56:38,CHG,1,1566,1560,6,155.4,Partial reduction,sample_report.pdf,2026-07-28T19:03:19
0416933-16,9854021,7997658,K413M,KIDS FOOT LOCKER,OEANGELAD,7/22/26,10:55:33,CHG,1,2466,2460,6,144.3,Partial reduction,sample_report.pdf,2026-07-28T19:03:19
2599601,9870576,8108213,F003M,CALERES DBA FAMOUS FOOTWEAR,OEJASONC,7/22/26,11:46:23,DLT-Y,2,300,0,300,3840.0,Full deletion,sample_report.pdf,2026-07-28T19:03:19
2599601,9870576,8108214,F003M,CALERES DBA FAMOUS FOOTWEAR,OEJASONC,7/22/26,11:46:26,DLT-Y,1,204,0,204,2611.2,Full deletion,sample_report.pdf,2026-07-28T19:03:19
2599602,9870577,8108215,F003M,CALERES DBA FAMOUS FOOTWEAR,OEJASONC,7/22/26,11:46:35,DLT-Y,1,600,0,600,7680.0,Full deletion,sample_report.pdf,2026-07-28T19:03:19
2599602,9870577,8108216,F003M,CALERES DBA FAMOUS FOOTWEAR,OEJASONC,7/22/26,11:46:40,DLT-Y,1,396,0,396,5068.8,Full deletion,sample_report.pdf,2026-07-28T19:03:19
2601863,9878242,8192167,F003M,CALERES DBA FAMOUS FOOTWEAR,OEJASONC,7/22/26,11:46:46,DLT-Y,1,300,0,300,3840.0,Full deletion,sample_report.pdf,2026-07-28T19:03:19
2601863,9878242,8192170,F003M,CALERES DBA FAMOUS FOOTWEAR,OEJASONC,7/22/26,11:46:51,DLT-Y,1,204,0,204,2611.2,Full deletion,sample_report.pdf,2026-07-28T19:03:19
2601864,9878243,8192171,F003M,CALERES DBA FAMOUS FOOTWEAR,OEJASONC,7/22/26,11:47:31,DLT-Y,1,300,0,300,3840.0,Full deletion,sample_report.pdf,2026-07-28T19:03:19
2601864,9878243,8192183,F003M,CALERES DBA FAMOUS FOOTWEAR,OEJASONC,7/22/26,11:47:37,DLT-Y,1,204,0,204,2611.2,Full deletion,sample_report.pdf,2026-07-28T19:03:19
2601865,9878244,8192184,F003M,CALERES DBA FAMOUS FOOTWEAR,OEJASONC,7/22/26,11:47:43,DLT-Y,1,600,0,600,7680.0,Full deletion,sample_report.pdf,2026-07-28T19:03:19
2601865,9878244,8192187,F003M,CALERES DBA FAMOUS FOOTWEAR,OEJASONC,7/22/26,11:47:46,DLT-Y,1,408,0,408,5222.4,Full deletion,sample_report.pdf,2026-07-28T19:03:19
248809,9879667,8209761,D010M,"DTLR, INC. -     (EDI)",OEKAREN,7/22/26,12:57:03,DLT-C,1,1344,0,1344,8467.2,Full deletion,sample_report.pdf,2026-07-28T19:03:19
248806,9879668,8209762,D010M,"DTLR, INC. -     (EDI)",OEKAREN,7/22/26,12:56:49,DLT-C,1,1524,0,1524,45339.0,Full deletion,sample_report.pdf,2026-07-28T19:03:19
245573,9879669,8209763,D010M,"DTLR, INC. -     (EDI)",OEKAREN,7/22/26,12:56:56,DLT-C,1,1200,0,1200,40800.0,Full deletion,sample_report.pdf,2026-07-28T19:03:19
248810,9879673,8209767,D010M,"DTLR, INC. -     (EDI)",OEKAREN,7/22/26,12:56:41,DLT-C,3,4332,0,4332,27291.6,Full deletion,sample_report.pdf,2026-07-28T19:03:19
3887847,9880783,8229664,B285M,BELK/LEGGETT A/P CENTER,OEJASONC,7/22/26,10:38:19,DLT-Y,1,10,0,10,280.0,Full deletion,sample_report.pdf,2026-07-28T19:03:19
3887847,9880783,8229665,B285M,BELK/LEGGETT A/P CENTER,OEJASONC,7/22/26,10:38:24,DLT-Y,1,10,0,10,280.0,Full deletion,sample_report.pdf,2026-07-28T19:03:19
3887847,9880783,8229666,B285M,BELK/LEGGETT A/P CENTER,OEJASONC,7/22/26,10:38:25,DLT-Y,1,10,0,10,280.0,Full deletion,sample_report.pdf,2026-07-28T19:03:19
3887847,9880783,8229667,B285M,BELK/LEGGETT A/P CENTER,OEJASONC,7/22/26,10:38:26,DLT-Y,1,10,0,10,280.0,Full deletion,sample_report.pdf,2026-07-28T19:03:19
3887847,9880783,8229668,B285M,BELK/LEGGETT A/P CENTER,OEJASONC,7/22/26,10:38:42,DLT-Y,1,10,0,10,280.0,Full deletion,sample_report.pdf,2026-07-28T19:03:19
3887847,9880783,8229669,B285M,BELK/LEGGETT A/P CENTER,OEJASONC,7/22/26,10:38:45,DLT-Y,1,10,0,10,280.0,Full deletion,sample_report.pdf,2026-07-28T19:03:19
3887847,9880783,8229670,B285M,BELK/LEGGETT A/P CENTER,OEJASONC,7/22/26,10:38:47,DLT-Y,1,10,0,10,280.0,Full deletion,sample_report.pdf,2026-07-28T19:03:19
3887847,9880783,8229671,B285M,BELK/LEGGETT A/P CENTER,OEJASONC,7/22/26,10:38:49,DLT-Y,1,10,0,10,280.0,Full deletion,sample_report.pdf,2026-07-28T19:03:19
3887847,9880783,8229672,B285M,BELK/LEGGETT A/P CENTER,OEJASONC,7/22/26,10:38:50,DLT-Y,1,10,0,10,280.0,Full deletion,sample_report.pdf,2026-07-28T19:03:19
3887847,9880783,8229673,B285M,BELK/LEGGETT A/P CENTER,OEJASONC,7/22/26,10:38:51,DLT-Y,1,10,0,10,280.0,Full deletion,sample_report.pdf,2026-07-28T19:03:19
3887847,9880783,8229674,B285M,BELK/LEGGETT A/P CENTER,OEJASONC,7/22/26,10:38:55,DLT-Y,1,10,0,10,280.0,Full deletion,sample_report.pdf,2026-07-28T19:03:19
3887847,9880783,8229675,B285M,BELK/LEGGETT A/P CENTER,OEJASONC,7/22/26,10:38:57,DLT-Y,1,10,0,10,280.0,Full deletion,sample_report.pdf,2026-07-28T19:03:19
3887847,9880783,8229676,B285M,BELK/LEGGETT A/P CENTER,OEJASONC,7/22/26,10:38:58,DLT-Y,1,10,0,10,280.0,Full deletion,sample_report.pdf,2026-07-28T19:03:19
3887847,9880783,8229677,B285M,BELK/LEGGETT A/P CENTER,OEJASONC,7/22/26,10:39:00,DLT-Y,1,10,0,10,280.0,Full deletion,sample_report.pdf,2026-07-28T19:03:19
3887847,9880783,8229678,B285M,BELK/LEGGETT A/P CENTER,OEJASONC,7/22/26,10:39:05,DLT-Y,1,10,0,10,280.0,Full deletion,sample_report.pdf,2026-07-28T19:03:19
3887847,9880783,8229679,B285M,BELK/LEGGETT A/P CENTER,OEJASONC,7/22/26,10:39:08,DLT-Y,1,10,0,10,280.0,Full deletion,sample_report.pdf,2026-07-28T19:03:19
3887847,9880783,8229680,B285M,BELK/LEGGETT A/P CENTER,OEJASONC,7/22/26,10:39:16,DLT-Y,1,10,0,10,280.0,Full deletion,sample_report.pdf,2026-07-28T19:03:19
0439824-03,9886542,8294027,F709M,FOOT LOCKER,OEANGELAD,7/22/26,10:43:18,CHG,1,24,24,0,0.0,No change,sample_report.pdf,2026-07-28T19:03:19
0439998-03,9886544,8294029,F709M,FOOT LOCKER,OEANGELAD,7/22/26,10:59:26,CHG,1,36,36,0,0.0,No change,sample_report.pdf,2026-07-28T19:03:19
0439999-03,9886545,8294030,F709M,FOOT LOCKER,OEANGELAD,7/22/26,10:44:28,CHG,1,24,24,0,0.0,No change,sample_report.pdf,2026-07-28T19:03:19
0440007-03,9886546,8294031,F709M,FOOT LOCKER,OEANGELAD,7/22/26,10:45:14,CHG,1,24,24,0,0.0,No change,sample_report.pdf,2026-07-28T19:03:19
0440014-03,9886551,8294036,F709M,FOOT LOCKER,OEANGELAD,7/22/26,10:46:24,CHG,1,24,24,0,0.0,No change,sample_report.pdf,2026-07-28T19:03:19
0440027-03,9886555,8294040,F709M,FOOT LOCKER,OEANGELAD,7/22/26,11:00:50,CHG,1,12,12,0,0.0,No change,sample_report.pdf,2026-07-28T19:03:19
7959232,9886645,8299597,B787M,MACY'S A/P - BLOOMINGDALE.COM,OEJASONC,7/22/26,13:21:21,CHG,2,72,72,0,0.0,Relabel / reallocation (no net change),sample_report.pdf,2026-07-28T19:03:19
EXNULAO5915370,9886786,8312083,Z199M,"ZAPPOS MERCHANDISING, INC.",OEJASONC,7/22/26,12:32:01,CHG,1,18,18,0,0.0,No change,sample_report.pdf,2026-07-28T19:03:19
EXNULAO5915426,9886788,8312086,Z199M,"ZAPPOS MERCHANDISING, INC.",OEJASONC,7/22/26,12:28:57,CHG,3,30,30,0,0.0,Relabel / reallocation (no net change),sample_report.pdf,2026-07-28T19:03:19
EXNULAO5915436,9886789,8312087,Z199M,"ZAPPOS MERCHANDISING, INC.",OEJASONC,7/22/26,12:27:10,CHG,1,12,12,0,0.0,No change,sample_report.pdf,2026-07-28T19:03:19
6115400,9886972,8314120,B285M,BELK/LEGGETT A/P CENTER,OEANGELAD,7/22/26,10:14:28,DLT-S,6,48,0,48,777.0,Full deletion,sample_report.pdf,2026-07-28T19:03:19
6115400,9886972,8314121,B285M,BELK/LEGGETT A/P CENTER,OEANGELAD,7/22/26,10:14:28,DLT-S,6,48,0,48,777.0,Full deletion,sample_report.pdf,2026-07-28T19:03:19
6115400,9886972,8314122,B285M,BELK/LEGGETT A/P CENTER,OEANGELAD,7/22/26,10:14:28,DLT-S,5,42,0,42,714.0,Full deletion,sample_report.pdf,2026-07-28T19:03:19
6115400,9886972,8314123,B285M,BELK/LEGGETT A/P CENTER,OEANGELAD,7/22/26,10:14:28,DLT-S,2,12,0,12,126.0,Full deletion,sample_report.pdf,2026-07-28T19:03:19
6115400,9886972,8314124,B285M,BELK/LEGGETT A/P CENTER,OEANGELAD,7/22/26,10:14:28,DLT-S,5,42,0,42,714.0,Full deletion,sample_report.pdf,2026-07-28T19:03:19
6115400,9886972,8314125,B285M,BELK/LEGGETT A/P CENTER,OEANGELAD,7/22/26,10:14:28,DLT-S,5,42,0,42,714.0,Full deletion,sample_report.pdf,2026-07-28T19:03:19
6115400,9886972,8314126,B285M,BELK/LEGGETT A/P CENTER,OEANGELAD,7/22/26,10:14:28,DLT-S,5,42,0,42,714.0,Full deletion,sample_report.pdf,2026-07-28T19:03:19
6115400,9886972,8314127,B285M,BELK/LEGGETT A/P CENTER,OEANGELAD,7/22/26,10:14:28,DLT-S,2,12,0,12,126.0,Full deletion,sample_report.pdf,2026-07-28T19:03:19
6115400,9886972,8314128,B285M,BELK/LEGGETT A/P CENTER,OEANGELAD,7/22/26,10:14:28,DLT-S,2,12,0,12,126.0,Full deletion,sample_report.pdf,2026-07-28T19:03:19
6115400,9886972,8314129,B285M,BELK/LEGGETT A/P CENTER,OEANGELAD,7/22/26,10:14:28,DLT-S,3,30,0,30,306.0,Full deletion,sample_report.pdf,2026-07-28T19:03:19
6115400,9886972,8314130,B285M,BELK/LEGGETT A/P CENTER,OEANGELAD,7/22/26,10:14:28,DLT-S,8,90,0,90,1722.0,Full deletion,sample_report.pdf,2026-07-28T19:03:19
6115400,9886972,8314131,B285M,BELK/LEGGETT A/P CENTER,OEANGELAD,7/22/26,10:14:28,DLT-S,7,90,0,90,1722.0,Full deletion,sample_report.pdf,2026-07-28T19:03:19
6115400,9886972,8314132,B285M,BELK/LEGGETT A/P CENTER,OEANGELAD,7/22/26,10:14:28,DLT-S,5,42,0,42,714.0,Full deletion,sample_report.pdf,2026-07-28T19:03:19
6115400,9886972,8314133,B285M,BELK/LEGGETT A/P CENTER,OEANGELAD,7/22/26,10:14:28,DLT-S,2,12,0,12,126.0,Full deletion,sample_report.pdf,2026-07-28T19:03:19
6115400,9886972,8314134,B285M,BELK/LEGGETT A/P CENTER,OEANGELAD,7/22/26,10:14:28,DLT-S,5,42,0,42,714.0,Full deletion,sample_report.pdf,2026-07-28T19:03:19
6115400,9886972,8314139,B285M,BELK/LEGGETT A/P CENTER,OEANGELAD,7/22/26,10:14:28,DLT-S,5,42,0,42,714.0,Full deletion,sample_report.pdf,2026-07-28T19:03:19
6115400,9886972,8314140,B285M,BELK/LEGGETT A/P CENTER,OEANGELAD,7/22/26,10:14:28,DLT-S,3,30,0,30,306.0,Full deletion,sample_report.pdf,2026-07-28T19:03:19
6115400,9886972,8314147,B285M,BELK/LEGGETT A/P CENTER,OEANGELAD,7/22/26,10:14:28,DLT-S,5,42,0,42,714.0,Full deletion,sample_report.pdf,2026-07-28T19:03:19
6115400,9886972,8314148,B285M,BELK/LEGGETT A/P CENTER,OEANGELAD,7/22/26,10:14:28,DLT-S,2,12,0,12,126.0,Full deletion,sample_report.pdf,2026-07-28T19:03:19
6115400,9886972,8314149,B285M,BELK/LEGGETT A/P CENTER,OEANGELAD,7/22/26,10:14:28,DLT-S,3,30,0,30,306.0,Full deletion,sample_report.pdf,2026-07-28T19:03:19
7394481,9887016,8315365,M075M,MACYS,OEANGELAD,7/22/26,11:08:44,DLT-H,2,18,0,18,286.56,Full deletion,sample_report.pdf,2026-07-28T19:03:19
248811,9887085,8316060,D010M,"DTLR, INC. -     (EDI)",NIBCONSPRC,7/22/26,12:59:10,CHG,1,3888,3888,0,0.0,No change,sample_report.pdf,2026-07-28T19:03:19
248810,9887086,8316061,D010M,"DTLR, INC. -     (EDI)",NIBCONSPRC,7/22/26,12:59:10,CHG,5,4524,4524,0,0.0,Relabel / reallocation (no net change),sample_report.pdf,2026-07-28T19:03:19
252400,9887087,8316062,D010M,"DTLR, INC. -     (EDI)",NIBCONSPRC,7/22/26,12:59:10,CHG,1,288,288,0,0.0,No change,sample_report.pdf,2026-07-28T19:03:19
248806,9887088,8316063,D010M,"DTLR, INC. -     (EDI)",NIBCONSPRC,7/22/26,12:59:10,CHG,1,1524,1524,0,0.0,No change,sample_report.pdf,2026-07-28T19:03:19
245573,9887089,8316064,D010M,"DTLR, INC. -     (EDI)",NIBCONSPRC,7/22/26,12:59:10,CHG,1,1200,1200,0,0.0,No change,sample_report.pdf,2026-07-28T19:03:19
248809,9887090,8316065,D010M,"DTLR, INC. -     (EDI)",NIBCONSPRC,7/22/26,12:59:10,CHG,2,1392,1392,0,0.0,Relabel / reallocation (no net change),sample_report.pdf,2026-07-28T19:03:19
252399,9887091,8316066,D010M,"DTLR, INC. -     (EDI)",NIBCONSPRC,7/22/26,12:59:10,CHG,1,504,504,0,0.0,No change,sample_report.pdf,2026-07-28T19:03:19
A1241483-PL3,1478495,7889826,S205M,"STITCH FIX, INC.",OEALEXALAR,7/22/26,07:51:02,DLT-Y,2,400,0,400,4800.0,Full deletion,AA Detail Maintenance Report.PDF,2026-07-29T15:14:27
A1241437-PL3,1481821,8106918,S205M,"STITCH FIX, INC.",OEALEXALAR,7/22/26,07:51:14,DLT-Y,2,400,0,400,4800.0,Full deletion,AA Detail Maintenance Report.PDF,2026-07-29T15:14:27
HOLD,7280561,7594467,M254M,MARSHALLS,OEADELINEM,7/21/26,10:22:17,"CHG, DLT-Y",4,6828,2124,4704,45864.0,Full deletion,AM Detail Maintenance Report.PDF,2026-07-29T15:14:40
HOLD,7280663,7597872,M254M,MARSHALLS,OEADELINEM,7/21/26,10:27:16,,2,0,4380,0,0.0,"Net addition (new units, not a cancellation)",AM Detail Maintenance Report.PDF,2026-07-29T15:14:40
HOLD,7280669,7597878,M254M,MARSHALLS,OEADELINEM,7/21/26,10:15:32,"CHG, DLT-Y",3,8052,2148,5904,71448.0,Full deletion,AM Detail Maintenance Report.PDF,2026-07-29T15:14:40
HOLD,7280672,7597881,M254M,MARSHALLS,OEADELINEM,7/21/26,10:14:21,DLT-Y,1,2868,0,2868,17781.6,Full deletion,AM Detail Maintenance Report.PDF,2026-07-29T15:14:40
HOLD,7280673,7597882,M254M,MARSHALLS,OEADELINEM,7/21/26,10:19:22,CHG,1,3000,2748,252,2520.0,Partial reduction,AM Detail Maintenance Report.PDF,2026-07-29T15:14:40
HOLD,7280675,7597884,M254M,MARSHALLS,OEADELINEM,7/21/26,10:20:35,CHG,2,4800,4920,0,0.0,"Net addition (new units, not a cancellation)",AM Detail Maintenance Report.PDF,2026-07-29T15:14:40
HOLD,7280691,7597915,M254M,MARSHALLS,OEADELINEM,7/21/26,10:25:52,CHG,1,5820,4440,1380,13455.0,Partial reduction,AM Detail Maintenance Report.PDF,2026-07-29T15:14:40
HOLD,7280693,7597917,M254M,MARSHALLS,OEADELINEM,7/21/26,10:17:29,,3,0,8508,0,0.0,"Net addition (new units, not a cancellation)",AM Detail Maintenance Report.PDF,2026-07-29T15:14:40
HOLD,7281231,7610798,M254M,MARSHALLS,OEADELINEM,7/21/26,10:13:06,DLT-Y,1,600,0,600,6000.0,Full deletion,AM Detail Maintenance Report.PDF,2026-07-29T15:14:40
HOLD,7272870,7216541,B480M,BLOOMINGDALES,OEJASONC,7/22/26,13:18:35,,2,0,0,0,0.0,Relabel / reallocation (no net change),JC Detail Maintenance Report.PDF,2026-07-29T15:14:49
HOLD,7275358,7322947,B480M,BLOOMINGDALES,OEJASONC,7/22/26,13:18:44,,1,0,0,0,0.0,No change,JC Detail Maintenance Report.PDF,2026-07-29T15:14:49
HOLD,7276782,7404210,B480M,BLOOMINGDALES,OEJASONC,7/22/26,13:18:57,,1,0,0,0,0.0,No change,JC Detail Maintenance Report.PDF,2026-07-29T15:14:49
HOLD,7277098,7420410,B787M,MACY'S A/P - BLOOMINGDALE.COM,OEJASONC,7/22/26,13:19:07,,2,0,0,0,0.0,Relabel / reallocation (no net change),JC Detail Maintenance Report.PDF,2026-07-29T15:14:49
HOLD,7277101,7420413,B787M,MACY'S A/P - BLOOMINGDALE.COM,OEJASONC,7/22/26,13:24:23,,1,0,0,0,0.0,No change,JC Detail Maintenance Report.PDF,2026-07-29T15:14:49
HOLD,7283139,7741184,D010M,"DTLR, INC. -     (EDI)",OEJASONC,7/22/26,13:42:09,,3,0,0,0,0.0,Relabel / reallocation (no net change),JC Detail Maintenance Report.PDF,2026-07-29T15:14:49
HOLD,7284007,7787368,K413M,KIDS FOOT LOCKER,OEJASONC,7/22/26,10:53:35,CHG,2,3840,3840,0,0.0,Relabel / reallocation (no net change),JC Detail Maintenance Report.PDF,2026-07-29T15:14:49
HOLD,7284244,7806256,K413M,KIDS FOOT LOCKER,OEJASONC,7/22/26,10:53:55,CHG,2,1824,1824,0,0.0,Relabel / reallocation (no net change),JC Detail Maintenance Report.PDF,2026-07-29T15:14:49
HOLD,7284307,7808444,K413M,KIDS FOOT LOCKER,OEJASONC,7/22/26,10:54:13,CHG,4,7680,7680,0,0.0,Relabel / reallocation (no net change),JC Detail Maintenance Report.PDF,2026-07-29T15:14:49
HOLD,7284310,7808447,K413M,KIDS FOOT LOCKER,OEJASONC,7/22/26,10:54:38,CHG,4,3648,3648,0,0.0,Relabel / reallocation (no net change),JC Detail Maintenance Report.PDF,2026-07-29T15:14:49
HOLD,1076434,7969554,F003M,CALERES DBA FAMOUS FOOTWEAR,OEJASONC,7/22/26,11:45:00,DLT-Y,1,492,0,492,6297.6,Full deletion,JC Detail Maintenance Report.PDF,2026-07-29T15:14:49
HOLD,7287154,8077411,K413M,KIDS FOOT LOCKER,OEJASONC,7/22/26,10:55:20,CHG,21,5184,5184,0,0.0,Relabel / reallocation (no net change),JC Detail Maintenance Report.PDF,2026-07-29T15:14:49
HOLD,7288116,8186172,K413M,KIDS FOOT LOCKER,OEJASONC,7/22/26,12:00:40,CHG,4,11136,11136,0,0.0,Relabel / reallocation (no net change),JC Detail Maintenance Report.PDF,2026-07-29T15:14:49
HOLD,7288117,8186173,K413M,KIDS FOOT LOCKER,OEJASONC,7/22/26,12:01:31,CHG,4,3552,3552,0,0.0,Relabel / reallocation (no net change),JC Detail Maintenance Report.PDF,2026-07-29T15:14:49
HOLD,7288248,8204357,B480M,BLOOMINGDALES,OEJASONC,7/22/26,13:19:19,,5,0,0,0,0.0,Relabel / reallocation (no net change),JC Detail Maintenance Report.PDF,2026-07-29T15:14:49
HOLD,6227712,8211769,D552M,DILLARDS,OEJASONC,7/22/26,11:52:58,,9,0,0,0,0.0,Relabel / reallocation (no net change),JC Detail Maintenance Report.PDF,2026-07-29T15:14:49
HOLD,7288536,8233184,B787M,MACY'S A/P - BLOOMINGDALE.COM,OEJASONC,7/22/26,13:19:42,,1,0,0,0,0.0,No change,JC Detail Maintenance Report.PDF,2026-07-29T15:14:49
HOLD,6227966,8287197,D552M,DILLARDS,OEJASONC,7/22/26,11:53:06,,3,0,0,0,0.0,Relabel / reallocation (no net change),JC Detail Maintenance Report.PDF,2026-07-29T15:14:49
HOLD,3204362,8287219,B480M,BLOOMINGDALES,OEJASONC,7/22/26,13:18:21,,3,0,0,0,0.0,Relabel / reallocation (no net change),JC Detail Maintenance Report.PDF,2026-07-29T15:14:49
HOLD,7288863,8289112,K413M,KIDS FOOT LOCKER,OEJASONC,7/22/26,12:04:46,CHG,3,7416,7416,0,0.0,Relabel / reallocation (no net change),JC Detail Maintenance Report.PDF,2026-07-29T15:14:49
32362548,9885075,8278049,J121M,J C PENNEY CO DIP#20-20182,OESHALOO,7/20/26,14:06:49,DLT-Y,1,12,0,12,197.76,Full deletion,SM Detail Maintenance Report.PDF,2026-07-29T15:14:59
32362548,9885075,8278054,J121M,J C PENNEY CO DIP#20-20182,OESHALOO,7/20/26,14:07:16,DLT-Y,1,12,0,12,197.76,Full deletion,SM Detail Maintenance Report.PDF,2026-07-29T15:14:59
32362548,9885075,8278055,J121M,J C PENNEY CO DIP#20-20182,OESHALOO,7/20/26,14:07:51,DLT-Y,1,12,0,12,197.76,Full deletion,SM Detail Maintenance Report.PDF,2026-07-29T15:14:59
32362548,9885075,8278056,J121M,J C PENNEY CO DIP#20-20182,OESHALOO,7/20/26,14:08:16,DLT-Y,1,6,0,6,98.88,Full deletion,SM Detail Maintenance Report.PDF,2026-07-29T15:14:59
32362548,9885075,8278057,J121M,J C PENNEY CO DIP#20-20182,OESHALOO,7/20/26,14:08:43,DLT-Y,1,6,0,6,98.88,Full deletion,SM Detail Maintenance Report.PDF,2026-07-29T15:14:59
32362548,9885075,8278058,J121M,J C PENNEY CO DIP#20-20182,OESHALOO,7/20/26,14:09:24,DLT-Y,1,6,0,6,98.88,Full deletion,SM Detail Maintenance Report.PDF,2026-07-29T15:14:59
32362548,9885075,8278059,J121M,J C PENNEY CO DIP#20-20182,OESHALOO,7/20/26,14:10:03,DLT-Y,1,6,0,6,98.88,Full deletion,SM Detail Maintenance Report.PDF,2026-07-29T15:14:59
32362548,9885075,8278060,J121M,J C PENNEY CO DIP#20-20182,OESHALOO,7/20/26,14:10:37,DLT-Y,1,12,0,12,197.76,Full deletion,SM Detail Maintenance Report.PDF,2026-07-29T15:14:59
32362548,9885075,8278070,J121M,J C PENNEY CO DIP#20-20182,OESHALOO,7/20/26,14:11:08,DLT-Y,1,18,0,18,296.64,Full deletion,SM Detail Maintenance Report.PDF,2026-07-29T15:14:59
32362548,9885075,8278071,J121M,J C PENNEY CO DIP#20-20182,OESHALOO,7/20/26,14:11:51,DLT-Y,1,12,0,12,197.76,Full deletion,SM Detail Maintenance Report.PDF,2026-07-29T15:14:59
32362548,9885075,8278072,J121M,J C PENNEY CO DIP#20-20182,OESHALOO,7/20/26,14:12:25,DLT-Y,1,12,0,12,197.76,Full deletion,SM Detail Maintenance Report.PDF,2026-07-29T15:14:59
32362548,9885075,8278073,J121M,J C PENNEY CO DIP#20-20182,OESHALOO,7/20/26,14:12:59,DLT-Y,1,6,0,6,98.88,Full deletion,SM Detail Maintenance Report.PDF,2026-07-29T15:14:59
32362548,9885075,8278074,J121M,J C PENNEY CO DIP#20-20182,OESHALOO,7/20/26,14:13:34,DLT-Y,1,6,0,6,98.88,Full deletion,SM Detail Maintenance Report.PDF,2026-07-29T15:14:59
32362548,9885075,8278075,J121M,J C PENNEY CO DIP#20-20182,OESHALOO,7/20/26,14:13:57,DLT-Y,1,42,0,42,692.16,Full deletion,SM Detail Maintenance Report.PDF,2026-07-29T15:14:59
32362548,9885075,8278077,J121M,J C PENNEY CO DIP#20-20182,OESHALOO,7/20/26,14:14:28,DLT-Y,1,12,0,12,197.76,Full deletion,SM Detail Maintenance Report.PDF,2026-07-29T15:14:59
32362548,9885075,8278079,J121M,J C PENNEY CO DIP#20-20182,OESHALOO,7/20/26,14:15:00,DLT-Y,1,48,0,48,791.04,Full deletion,SM Detail Maintenance Report.PDF,2026-07-29T15:14:59
32362548,9885075,8278080,J121M,J C PENNEY CO DIP#20-20182,OESHALOO,7/20/26,14:15:37,DLT-Y,1,6,0,6,98.88,Full deletion,SM Detail Maintenance Report.PDF,2026-07-29T15:14:59
32362548,9885075,8278081,J121M,J C PENNEY CO DIP#20-20182,OESHALOO,7/20/26,14:16:05,DLT-Y,1,6,0,6,98.88,Full deletion,SM Detail Maintenance Report.PDF,2026-07-29T15:14:59
32362548,9885075,8278083,J121M,J C PENNEY CO DIP#20-20182,OESHALOO,7/20/26,14:16:44,DLT-Y,1,6,0,6,98.88,Full deletion,SM Detail Maintenance Report.PDF,2026-07-29T15:14:59
32362548,9885075,8278084,J121M,J C PENNEY CO DIP#20-20182,OESHALOO,7/20/26,14:17:09,DLT-Y,1,12,0,12,197.76,Full deletion,SM Detail Maintenance Report.PDF,2026-07-29T15:14:59
32362548,9885075,8278086,J121M,J C PENNEY CO DIP#20-20182,OESHALOO,7/20/26,14:17:33,DLT-Y,1,6,0,6,98.88,Full deletion,SM Detail Maintenance Report.PDF,2026-07-29T15:14:59
32362548,9885075,8278091,J121M,J C PENNEY CO DIP#20-20182,OESHALOO,7/20/26,14:18:00,DLT-Y,1,12,0,12,197.76,Full deletion,SM Detail Maintenance Report.PDF,2026-07-29T15:14:59
32362548,9885075,8278093,J121M,J C PENNEY CO DIP#20-20182,OESHALOO,7/20/26,14:18:31,DLT-Y,1,6,0,6,98.88,Full deletion,SM Detail Maintenance Report.PDF,2026-07-29T15:14:59
32362548,9885075,8278098,J121M,J C PENNEY CO DIP#20-20182,OESHALOO,7/20/26,14:19:05,DLT-Y,1,6,0,6,98.88,Full deletion,SM Detail Maintenance Report.PDF,2026-07-29T15:14:59
32362548,9885075,8278100,J121M,J C PENNEY CO DIP#20-20182,OESHALOO,7/20/26,14:19:36,DLT-Y,1,6,0,6,98.88,Full deletion,SM Detail Maintenance Report.PDF,2026-07-29T15:14:59
32362548,9885075,8278102,J121M,J C PENNEY CO DIP#20-20182,OESHALOO,7/20/26,14:20:09,DLT-Y,1,6,0,6,98.88,Full deletion,SM Detail Maintenance Report.PDF,2026-07-29T15:14:59
32362548,9885075,8278103,J121M,J C PENNEY CO DIP#20-20182,OESHALOO,7/20/26,14:20:38,DLT-Y,1,12,0,12,197.76,Full deletion,SM Detail Maintenance Report.PDF,2026-07-29T15:14:59
32362548,9885075,8278104,J121M,J C PENNEY CO DIP#20-20182,OESHALOO,7/20/26,14:21:07,DLT-Y,1,6,0,6,98.88,Full deletion,SM Detail Maintenance Report.PDF,2026-07-29T15:14:59
32362548,9885075,8278105,J121M,J C PENNEY CO DIP#20-20182,OESHALOO,7/20/26,14:21:35,DLT-Y,1,6,0,6,98.88,Full deletion,SM Detail Maintenance Report.PDF,2026-07-29T15:14:59
32362548,9885075,8278106,J121M,J C PENNEY CO DIP#20-20182,OESHALOO,7/20/26,14:22:06,DLT-Y,1,18,0,18,296.64,Full deletion,SM Detail Maintenance Report.PDF,2026-07-29T15:14:59
32362548,9885075,8278108,J121M,J C PENNEY CO DIP#20-20182,OESHALOO,7/20/26,14:22:36,DLT-Y,1,12,0,12,197.76,Full deletion,SM Detail Maintenance Report.PDF,2026-07-29T15:14:59
32362548,9885075,8278109,J121M,J C PENNEY CO DIP#20-20182,OESHALOO,7/20/26,14:23:05,DLT-Y,1,6,0,6,98.88,Full deletion,SM Detail Maintenance Report.PDF,2026-07-29T15:14:59
32362548,9885075,8278111,J121M,J C PENNEY CO DIP#20-20182,OESHALOO,7/20/26,14:23:38,DLT-Y,1,6,0,6,98.88,Full deletion,SM Detail Maintenance Report.PDF,2026-07-29T15:14:59
32362548,9885075,8278113,J121M,J C PENNEY CO DIP#20-20182,OESHALOO,7/20/26,14:24:08,DLT-Y,1,6,0,6,98.88,Full deletion,SM Detail Maintenance Report.PDF,2026-07-29T15:14:59
32362548,9885075,8278116,J121M,J C PENNEY CO DIP#20-20182,OESHALOO,7/20/26,14:24:38,DLT-Y,1,6,0,6,98.88,Full deletion,SM Detail Maintenance Report.PDF,2026-07-29T15:14:59
32362548,9885075,8278117,J121M,J C PENNEY CO DIP#20-20182,OESHALOO,7/20/26,14:25:09,DLT-Y,1,6,0,6,98.88,Full deletion,SM Detail Maintenance Report.PDF,2026-07-29T15:14:59
32362548,9885075,8278118,J121M,J C PENNEY CO DIP#20-20182,OESHALOO,7/20/26,14:25:47,DLT-Y,1,6,0,6,98.88,Full deletion,SM Detail Maintenance Report.PDF,2026-07-29T15:14:59
32362548,9885075,8278120,J121M,J C PENNEY CO DIP#20-20182,OESHALOO,7/20/26,14:26:15,DLT-Y,1,6,0,6,98.88,Full deletion,SM Detail Maintenance Report.PDF,2026-07-29T15:14:59
32362548,9885075,8278122,J121M,J C PENNEY CO DIP#20-20182,OESHALOO,7/20/26,14:26:44,DLT-Y,1,6,0,6,98.88,Full deletion,SM Detail Maintenance Report.PDF,2026-07-29T15:14:59
32362548,9885075,8278125,J121M,J C PENNEY CO DIP#20-20182,OESHALOO,7/20/26,14:27:10,DLT-Y,1,6,0,6,98.88,Full deletion,SM Detail Maintenance Report.PDF,2026-07-29T15:14:59
32362548,9885075,8278126,J121M,J C PENNEY CO DIP#20-20182,OESHALOO,7/20/26,14:27:38,DLT-Y,1,6,0,6,98.88,Full deletion,SM Detail Maintenance Report.PDF,2026-07-29T15:14:59
4702160385,9887953,8322750,P300M,POLO FACTORY STORES,OEALEXALAR,7/29/26,11:24:26,DLT-Y,4,36,0,36,302.4,Full deletion,AA Detail Maintenance Report 7-29-26.pdf,2026-07-29T18:06:35
4702152112,9889795,8346203,P300M,POLO FACTORY STORES,OEALEXALAR,7/29/26,11:24:44,CHG,2,300,252,48,806.4,Partial reduction,AA Detail Maintenance Report 7-29-26.pdf,2026-07-29T18:06:35
161945,1483713,8323073,R033M,DENNY'S,OEALEXALAR,7/29/26,11:02:48,DLT-Y,2,48,48,0,0.0,Relabel / reallocation (no net change),2nd AA Detail Maintenance Report 7-29-26.PDF,2026-07-29T18:15:41
